system,scaling_mode,method,backend,atoms_per_system,batch_size,total_atoms,time_us_per_atom,throughput_atoms_per_sec,mem_delta_mb,mem_peak_gb,timing_runs,warmup_runs,timing_method,compile_policy,success,error,error_type,cutoff,max_neighbors,total_neighbor_pairs,configured_max_neighbors,backend_comparable,timing_scope,max_total_cells,cell_list_min_cells
nh3,system_size,naive_scalar,torch,128,1,128,3.421850129961968,292239.56690678163,0.0,0.0003719329833984375,10,3,torch_cuda_events,warmup_excluded,True,,,6.0,192,24576,192,True,backend_comparison,,
nh3,system_size,naive_tile,torch,128,1,128,2.739824913442135,364986.8263821523,0.0,0.0003719329833984375,10,3,torch_cuda_events,warmup_excluded,True,,,6.0,192,24576,192,True,backend_comparison,,
nh3,system_size,cell_list_atom_centric,torch,128,1,128,3.9284750819206233,254551.69732452574,0.37548828125,0.0003762245178222656,10,3,torch_cuda_events,warmup_excluded,True,,,6.0,192,24576,192,True,backend_comparison,1,1
nh3,system_size,cell_list_pair_centric,torch,128,1,128,7.585100084543229,131837.4166265493,0.37841796875,0.0003790855407714844,10,3,torch_cuda_events,warmup_excluded,True,,,6.0,192,24576,192,False,coverage_only_pair_centric,64,4
nh3,system_size,cluster_tile,torch,128,1,128,12.638874351978302,79120.97012369419,32.38525390625,0.031630516052246094,10,3,torch_cuda_events,warmup_excluded,True,,,6.0,192,24576,192,False,torch_cluster_tile_only,,
nh3,system_size,naive_scalar,torch,128,1,128,2.840849943459034,352007.3287582359,0.0,0.03665733337402344,10,3,torch_cuda_events,warmup_excluded,True,,,15.0,2832,362496,2832,True,backend_comparison,,
nh3,system_size,naive_tile,torch,128,1,128,2.6656249538064003,375146.54811887245,0.0,0.03665733337402344,10,3,torch_cuda_events,warmup_excluded,True,,,15.0,2832,362496,2832,True,backend_comparison,,
nh3,system_size,cell_list_atom_centric,torch,128,1,128,20.026500523090363,49933.83636082648,5.53173828125,0.036661624908447266,10,3,torch_cuda_events,warmup_excluded,True,,,15.0,2832,362496,2832,True,backend_comparison,1,1
nh3,system_size,cell_list_pair_centric,torch,128,1,128,10.019300132989882,99807.3704476989,5.53466796875,0.036664485931396484,10,3,torch_cuda_events,warmup_excluded,True,,,15.0,2832,362496,2832,False,coverage_only_pair_centric,64,4
nh3,system_size,cluster_tile,torch,128,1,128,12.66307532787323,78969.75845976827,5.54150390625,0.036665916442871094,10,3,torch_cuda_events,warmup_excluded,True,,,15.0,2832,362496,2832,False,torch_cluster_tile_only,,
nh3,system_size,naive_scalar,torch,128,1,128,2.781525067985058,359515.00545864285,0.0,0.05703544616699219,10,3,torch_cuda_events,warmup_excluded,True,,,25.0,13104,1677312,13104,True,backend_comparison,,
nh3,system_size,naive_tile,torch,128,1,128,2.7254249900579453,366915.2530881942,0.0,0.05703544616699219,10,3,torch_cuda_events,warmup_excluded,True,,,25.0,13104,1677312,13104,True,backend_comparison,,
nh3,system_size,cell_list_atom_centric,torch,128,1,128,61.95992231369018,16139.465038984528,26.39892578125,0.057039737701416016,10,3,torch_cuda_events,warmup_excluded,True,,,25.0,13104,1677312,13104,True,backend_comparison,1,1
nh3,system_size,cell_list_pair_centric,torch,128,1,128,8.849775046110153,112997.22250449087,26.40185546875,0.057042598724365234,10,3,torch_cuda_events,warmup_excluded,True,,,25.0,13104,1677312,13104,False,coverage_only_pair_centric,64,4
nh3,system_size,cluster_tile,torch,128,1,128,12.74212449789047,78479.84848724052,26.40869140625,0.057044029235839844,10,3,torch_cuda_events,warmup_excluded,True,,,25.0,13104,1677312,13104,False,torch_cluster_tile_only,,
nh3,system_size,naive_scalar,torch,256,1,256,1.388575043529272,720162.7342072559,0.0,0.03199195861816406,10,3,torch_cuda_events,warmup_excluded,True,,,6.0,192,49152,192,True,backend_comparison,,
nh3,system_size,naive_tile,torch,256,1,256,1.349399983882904,741070.1140832207,0.0,0.03199195861816406,10,3,torch_cuda_events,warmup_excluded,True,,,6.0,192,49152,192,True,backend_comparison,,
nh3,system_size,cell_list_atom_centric,torch,256,1,256,1.6955750063061716,589770.4296659284,0.7509765625,0.03199958801269531,10,3,torch_cuda_events,warmup_excluded,True,,,6.0,192,49152,192,True,backend_comparison,8,1
nh3,system_size,cell_list_pair_centric,torch,256,1,256,3.6109123378992076,276938.3209623388,0.7568359375,0.03200531005859375,10,3,torch_cuda_events,warmup_excluded,True,,,6.0,192,49152,192,False,coverage_only_pair_centric,64,4
nh3,system_size,cluster_tile,torch,256,1,256,6.215737387537955,160881.95778748923,0.76318359375,0.032002925872802734,10,3,torch_cuda_events,warmup_excluded,True,,,6.0,192,49152,192,False,torch_cluster_tile_only,,
nh3,system_size,naive_scalar,torch,256,1,256,1.390674989670515,719075.2745448629,0.0,0.04206275939941406,10,3,torch_cuda_events,warmup_excluded,True,,,15.0,2832,724992,2832,True,backend_comparison,,
nh3,system_size,naive_tile,torch,256,1,256,1.4242375269532204,702130.0738643192,0.0,0.04206275939941406,10,3,torch_cuda_events,warmup_excluded,True,,,15.0,2832,724992,2832,True,backend_comparison,,
nh3,system_size,cell_list_atom_centric,torch,256,1,256,17.69498735666275,56513.179684384835,11.0634765625,0.04207038879394531,10,3,torch_cuda_events,warmup_excluded,True,,,15.0,2832,724992,2832,True,backend_comparison,1,1
nh3,system_size,cell_list_pair_centric,torch,256,1,256,3.8024123758077617,262990.9386899589,11.0693359375,0.04207611083984375,10,3,torch_cuda_events,warmup_excluded,True,,,15.0,2832,724992,2832,False,coverage_only_pair_centric,64,4
nh3,system_size,cluster_tile,torch,256,1,256,6.26244992017746,159681.9156633931,11.07568359375,0.042073726654052734,10,3,torch_cuda_events,warmup_excluded,True,,,15.0,2832,724992,2832,False,torch_cluster_tile_only,,
nh3,system_size,naive_scalar,torch,256,1,256,1.7834000289440155,560726.6927051239,0.0,0.08124732971191406,10,3,torch_cuda_events,warmup_excluded,True,,,25.0,13104,3354624,13104,True,backend_comparison,,
nh3,system_size,naive_tile,torch,256,1,256,1.7891874536871912,558912.9288488923,0.0,0.08124732971191406,10,3,torch_cuda_events,warmup_excluded,True,,,25.0,13104,3354624,13104,True,backend_comparison,,
nh3,system_size,cell_list_atom_centric,torch,256,1,256,34.90562438964844,28648.678185414687,51.1884765625,0.08125495910644531,10,3,torch_cuda_events,warmup_excluded,True,,,25.0,13104,3354624,13104,True,backend_comparison,1,1
nh3,system_size,cell_list_pair_centric,torch,256,1,256,3.9420500397682194,253675.1157168966,51.1943359375,0.08126068115234375,10,3,torch_cuda_events,warmup_excluded,True,,,25.0,13104,3354624,13104,False,coverage_only_pair_centric,64,4
nh3,system_size,cluster_tile,torch,256,1,256,6.352300196886063,157423.29062001922,51.20068359375,0.08125829696655273,10,3,torch_cuda_events,warmup_excluded,True,,,25.0,13104,3354624,13104,False,torch_cluster_tile_only,,
nh3,system_size,naive_scalar,torch,512,1,512,0.7051937282085419,1418050.0478079652,0.0,0.03273200988769531,10,3,torch_cuda_events,warmup_excluded,True,,,6.0,192,98304,192,True,backend_comparison,,
nh3,system_size,naive_tile,torch,512,1,512,0.6629812531173229,1508338.2754761502,0.0,0.03273200988769531,10,3,torch_cuda_events,warmup_excluded,True,,,6.0,192,98304,192,True,backend_comparison,,
nh3,system_size,cell_list_atom_centric,torch,512,1,512,1.044374983757734,957510.4876621327,1.501953125,0.032746315002441406,10,3,torch_cuda_events,warmup_excluded,True,,,6.0,192,98304,192,True,backend_comparison,8,1
nh3,system_size,cell_list_pair_centric,torch,512,1,512,1.85991246253252,537659.7125643031,1.513671875,0.03275775909423828,10,3,torch_cuda_events,warmup_excluded,True,,,6.0,192,98304,192,False,coverage_only_pair_centric,64,4
nh3,system_size,cluster_tile,torch,512,1,512,3.1393688172101974,318535.3675292764,1.52001953125,0.03274869918823242,10,3,torch_cuda_events,warmup_excluded,True,,,6.0,192,98304,192,False,torch_cluster_tile_only,,
nh3,system_size,naive_scalar,torch,512,1,512,0.7102875038981439,1407880.6039975064,0.0,0.05287361145019531,10,3,torch_cuda_events,warmup_excluded,True,,,15.0,2832,1449984,2832,True,backend_comparison,,
nh3,system_size,naive_tile,torch,512,1,512,0.7422562688589097,1347243.5895183838,0.0,0.05287361145019531,10,3,torch_cuda_events,warmup_excluded,True,,,15.0,2832,1449984,2832,True,backend_comparison,,
nh3,system_size,cell_list_atom_centric,torch,512,1,512,6.3609689474105835,157208.75361403532,22.126953125,0.052887916564941406,10,3,torch_cuda_events,warmup_excluded,True,,,15.0,2832,1449984,2832,True,backend_comparison,1,1
nh3,system_size,cell_list_pair_centric,torch,512,1,512,1.9325625151395796,517447.68521900824,22.138671875,0.05289936065673828,10,3,torch_cuda_events,warmup_excluded,True,,,15.0,2832,1449984,2832,False,coverage_only_pair_centric,64,4
nh3,system_size,cluster_tile,torch,512,1,512,3.142456337809563,318222.4007277842,22.14501953125,0.05289030075073242,10,3,torch_cuda_events,warmup_excluded,True,,,15.0,2832,1449984,2832,False,torch_cluster_tile_only,,
nh3,system_size,naive_scalar,torch,512,1,512,0.9880750440061092,1012068.8768188512,0.0,0.1316394805908203,10,3,torch_cuda_events,warmup_excluded,True,,,25.0,13104,6709248,13104,True,backend_comparison,,
nh3,system_size,naive_tile,torch,512,1,512,0.9937374852597712,1006301.9809890654,0.0,0.1316394805908203,10,3,torch_cuda_events,warmup_excluded,True,,,25.0,13104,6709248,13104,True,backend_comparison,,
nh3,system_size,cell_list_atom_centric,torch,512,1,512,23.571375012397766,42424.33882088054,102.783203125,0.1316537857055664,10,3,torch_cuda_events,warmup_excluded,True,,,25.0,13104,6709248,13104,True,backend_comparison,1,1
nh3,system_size,cell_list_pair_centric,torch,512,1,512,1.9865749403834343,503378.94618110266,102.794921875,0.13166522979736328,10,3,torch_cuda_events,warmup_excluded,True,,,25.0,13104,6709248,13104,False,coverage_only_pair_centric,64,4
nh3,system_size,cluster_tile,torch,512,1,512,3.136200085282326,318857.2070681448,102.80126953125,0.13165616989135742,10,3,torch_cuda_events,warmup_excluded,True,,,25.0,13104,6709248,13104,False,torch_cluster_tile_only,,
nh3,system_size,naive_scalar,torch,1024,1,1024,0.3681406145915389,2716353.3725001374,0.0,0.03421211242675781,10,3,torch_cuda_events,warmup_excluded,True,,,6.0,192,196608,192,True,backend_comparison,,
nh3,system_size,naive_tile,torch,1024,1,1024,0.34486250951886177,2899706.3246891047,0.0,0.03421211242675781,10,3,torch_cuda_events,warmup_excluded,True,,,6.0,192,196608,192,True,backend_comparison,,
nh3,system_size,cell_list_atom_centric,torch,1024,1,1024,0.43774060904979706,2284457.917145724,3.00390625,0.034239768981933594,10,3,torch_cuda_events,warmup_excluded,True,,,6.0,192,196608,192,True,backend_comparison,27,1
nh3,system_size,cell_list_pair_centric,torch,1024,1,1024,0.9344062767922879,1070198.2904405224,3.02734375,0.03426361083984375,10,3,torch_cuda_events,warmup_excluded,True,,,6.0,192,196608,192,False,coverage_only_pair_centric,216,4
nh3,system_size,cluster_tile,torch,1024,1,1024,1.6354968771338463,611434.9797796414,3.03759765625,0.03424406051635742,10,3,torch_cuda_events,warmup_excluded,True,,,6.0,192,196608,192,False,torch_cluster_tile_only,,
nh3,system_size,naive_scalar,torch,1024,1,1024,0.3569093765690923,2801831.685154439,0.0,0.07528877258300781,10,3,torch_cuda_events,warmup_excluded,True,,,15.0,2832,2899968,2832,True,backend_comparison,,
nh3,system_size,naive_tile,torch,1024,1,1024,0.3443625057116151,2903916.6094274092,0.0,0.07528877258300781,10,3,torch_cuda_events,warmup_excluded,True,,,15.0,2832,2899968,2832,True,backend_comparison,,
nh3,system_size,cell_list_atom_centric,torch,1024,1,1024,4.57540936768055,218559.67841123216,45.06640625,0.0753164291381836,10,3,torch_cuda_events,warmup_excluded,True,,,15.0,2832,2899968,2832,True,backend_comparison,1,1
nh3,system_size,cell_list_pair_centric,torch,1024,1,1024,0.9724187664687634,1028363.534808563,46.02734375,0.07625484466552734,10,3,torch_cuda_events,warmup_excluded,True,,,15.0,2832,2899968,2832,False,coverage_only_pair_centric,64,4
nh3,system_size,cluster_tile,torch,1024,1,1024,1.619618758559227,617429.2528505754,46.03759765625,0.07623624801635742,10,3,torch_cuda_events,warmup_excluded,True,,,15.0,2832,2899968,2832,False,torch_cluster_tile_only,,
nh3,system_size,naive_scalar,torch,1024,1,1024,0.6465093698352575,1546767.9923259555,0.0,0.2324542999267578,10,3,torch_cuda_events,warmup_excluded,True,,,25.0,13104,13418496,13104,True,backend_comparison,,
nh3,system_size,naive_tile,torch,1024,1,1024,0.6449937354773283,1550402.6550892761,0.0,0.2324542999267578,10,3,torch_cuda_events,warmup_excluded,True,,,25.0,13104,13418496,13104,True,backend_comparison,,
nh3,system_size,cell_list_atom_centric,torch,1024,1,1024,17.794056236743927,56198.5410574934,206.00390625,0.2324819564819336,10,3,torch_cuda_events,warmup_excluded,True,,,25.0,13104,13418496,13104,True,backend_comparison,1,1
nh3,system_size,cell_list_pair_centric,torch,1024,1,1024,1.0015593841671944,998443.0437257686,206.02734375,0.23250484466552734,10,3,torch_cuda_events,warmup_excluded,True,,,25.0,13104,13418496,13104,False,coverage_only_pair_centric,64,4
nh3,system_size,cluster_tile,torch,1024,1,1024,1.607696898281574,622007.7933028758,206.03759765625,0.23248624801635742,10,3,torch_cuda_events,warmup_excluded,True,,,25.0,13104,13418496,13104,False,torch_cluster_tile_only,,
nh3,system_size,naive_scalar,torch,2048,1,2048,0.18737969221547243,5336757.61859015,0.0,0.03717231750488281,10,3,torch_cuda_events,warmup_excluded,True,,,6.0,192,393216,192,True,backend_comparison,,
nh3,system_size,naive_tile,torch,2048,1,2048,0.1721984357573092,5807253.681498984,0.0,0.03717231750488281,10,3,torch_cuda_events,warmup_excluded,True,,,6.0,192,393216,192,True,backend_comparison,,
nh3,system_size,cell_list_atom_centric,torch,2048,1,2048,0.22016249131411314,4542099.764729073,6.0078125,0.03722667694091797,10,3,torch_cuda_events,warmup_excluded,True,,,6.0,192,393216,192,True,backend_comparison,64,1
nh3,system_size,cell_list_pair_centric,torch,2048,1,2048,0.4724296741187573,2116717.164020955,6.0546875,0.03727245330810547,10,3,torch_cuda_events,warmup_excluded,True,,,6.0,192,393216,192,False,coverage_only_pair_centric,64,4
nh3,system_size,cluster_tile,torch,2048,1,2048,0.8063202723860741,1240201.9820744258,6.08447265625,0.0372462272644043,10,3,torch_cuda_events,warmup_excluded,True,,,6.0,192,393216,192,False,torch_cluster_tile_only,,
nh3,system_size,naive_scalar,torch,2048,1,2048,0.1790609327144921,5584691.115143879,0.0,0.11773872375488281,10,3,torch_cuda_events,warmup_excluded,True,,,15.0,2832,5799936,2832,True,backend_comparison,,
nh3,system_size,naive_tile,torch,2048,1,2048,0.17716094153001904,5644585.03868673,0.0,0.11773872375488281,10,3,torch_cuda_events,warmup_excluded,True,,,15.0,2832,5799936,2832,True,backend_comparison,,
nh3,system_size,cell_list_atom_centric,torch,2048,1,2048,3.927507996559143,254614.3765655198,88.5078125,0.11779308319091797,10,3,torch_cuda_events,warmup_excluded,True,,,15.0,2832,5799936,2832,True,backend_comparison,1,1
nh3,system_size,cell_list_pair_centric,torch,2048,1,2048,0.48963283188641066,2042346.7032373939,88.5546875,0.11783885955810547,10,3,torch_cuda_events,warmup_excluded,True,,,15.0,2832,5799936,2832,False,coverage_only_pair_centric,64,4
nh3,system_size,cluster_tile,torch,2048,1,2048,0.8377359248697757,1193693.5856671634,88.58447265625,0.1178126335144043,10,3,torch_cuda_events,warmup_excluded,True,,,15.0,2832,5799936,2832,False,torch_cluster_tile_only,,
nh3,system_size,naive_scalar,torch,2048,1,2048,0.4849609453231096,2062021.7146222794,0.0,0.4320697784423828,10,3,torch_cuda_events,warmup_excluded,True,,,25.0,13104,26836992,13104,True,backend_comparison,,
nh3,system_size,naive_tile,torch,2048,1,2048,0.4855015780776738,2059725.53984163,0.0,0.4320697784423828,10,3,torch_cuda_events,warmup_excluded,True,,,25.0,13104,26836992,13104,True,backend_comparison,,
nh3,system_size,cell_list_atom_centric,torch,2048,1,2048,7.183054834604264,139216.53433334717,410.3828125,0.43212413787841797,10,3,torch_cuda_events,warmup_excluded,True,,,25.0,13104,26836992,13104,True,backend_comparison,1,1
nh3,system_size,cell_list_pair_centric,torch,2048,1,2048,0.7467375136911869,1339158.6490102997,410.4296875,0.43216991424560547,10,3,torch_cuda_events,warmup_excluded,True,,,25.0,13104,26836992,13104,False,coverage_only_pair_centric,64,4
nh3,system_size,cluster_tile,torch,2048,1,2048,0.881775002926588,1134076.1494497193,410.45947265625,0.4321436882019043,10,3,torch_cuda_events,warmup_excluded,True,,,25.0,13104,26836992,13104,False,torch_cluster_tile_only,,
nh3,system_size,naive_scalar,torch,4096,1,4096,0.09770859032869339,10234514.658700762,0.0,0.04309272766113281,10,3,torch_cuda_events,warmup_excluded,True,,,6.0,192,786432,192,True,backend_comparison,,
nh3,system_size,naive_tile,torch,4096,1,4096,0.09059765725396574,11037813.010956494,0.0,0.04309272766113281,10,3,torch_cuda_events,warmup_excluded,True,,,6.0,192,786432,192,True,backend_comparison,,
nh3,system_size,cell_list_atom_centric,torch,4096,1,4096,0.12315390631556511,8119921.080194048,12.015625,0.04320049285888672,10,3,torch_cuda_events,warmup_excluded,True,,,6.0,192,786432,192,True,backend_comparison,125,1
nh3,system_size,cell_list_pair_centric,torch,4096,1,4096,0.27865858282893896,3588620.8486672495,12.109375,0.04329204559326172,10,3,torch_cuda_events,warmup_excluded,True,,,6.0,192,786432,192,False,coverage_only_pair_centric,125,4
nh3,system_size,cluster_tile,torch,4096,1,4096,0.40904921479523176,2444693.6061241324,12.22802734375,0.043299198150634766,10,3,torch_cuda_events,warmup_excluded,True,,,6.0,192,786432,192,False,torch_cluster_tile_only,,
nh3,system_size,naive_scalar,torch,4096,1,4096,0.14221015153452754,7031846.807062909,0.0,0.2042255401611328,10,3,torch_cuda_events,warmup_excluded,True,,,15.0,2832,11599872,2832,True,backend_comparison,,
nh3,system_size,naive_tile,torch,4096,1,4096,0.14104765141382813,7089802.559462974,0.0,0.2042255401611328,10,3,torch_cuda_events,warmup_excluded,True,,,15.0,2832,11599872,2832,True,backend_comparison,,
nh3,system_size,cell_list_atom_centric,torch,4096,1,4096,1.1980663985013962,834678.2793097713,177.015625,0.20433330535888672,10,3,torch_cuda_events,warmup_excluded,True,,,15.0,2832,11599872,2832,True,backend_comparison,8,1
nh3,system_size,cell_list_pair_centric,torch,4096,1,4096,0.2464304678142071,4057939.7867066357,177.109375,0.20442485809326172,10,3,torch_cuda_events,warmup_excluded,True,,,15.0,2832,11599872,2832,False,coverage_only_pair_centric,64,4
nh3,system_size,cluster_tile,torch,4096,1,4096,0.4444031044840813,2250209.30301764,177.22802734375,0.20443201065063477,10,3,torch_cuda_events,warmup_excluded,True,,,15.0,2832,11599872,2832,False,torch_cluster_tile_only,,
nh3,system_size,naive_scalar,torch,4096,1,4096,0.4095726646482944,2441569.192267051,0.0,0.8311786651611328,10,3,torch_cuda_events,warmup_excluded,True,,,25.0,13104,53673984,13104,True,backend_comparison,,
nh3,system_size,naive_tile,torch,4096,1,4096,0.4098851699382067,2439707.687279239,0.0,0.8311786651611328,10,3,torch_cuda_events,warmup_excluded,True,,,25.0,13104,53673984,13104,True,backend_comparison,,
nh3,system_size,cell_list_atom_centric,torch,4096,1,4096,5.533890798687934,180704.68615627478,819.015625,0.8312864303588867,10,3,torch_cuda_events,warmup_excluded,True,,,25.0,13104,53673984,13104,True,backend_comparison,1,1
nh3,system_size,cell_list_pair_centric,torch,4096,1,4096,0.6294703111052513,1588637.2754326675,819.109375,0.8313779830932617,10,3,torch_cuda_events,warmup_excluded,True,,,25.0,13104,53673984,13104,False,coverage_only_pair_centric,64,4
nh3,system_size,cluster_tile,torch,4096,1,4096,0.5778242368251086,1730630.0709962645,819.22802734375,0.8313851356506348,10,3,torch_cuda_events,warmup_excluded,True,,,25.0,13104,53673984,13104,False,torch_cluster_tile_only,,
nh3,system_size,naive_scalar,torch,8192,1,8192,0.1355503918603063,7377330.203741253,0.0,0.05493354797363281,10,3,torch_cuda_events,warmup_excluded,True,,,6.0,192,1572864,192,True,backend_comparison,,
nh3,system_size,naive_tile,torch,8192,1,8192,0.13585780980065465,7360636.841321884,0.0,0.05493354797363281,10,3,torch_cuda_events,warmup_excluded,True,,,6.0,192,1572864,192,True,backend_comparison,,
nh3,system_size,cell_list_atom_centric,torch,8192,1,8192,0.06002421723678708,16659942.37051257,24.03125,0.05515003204345703,10,3,torch_cuda_events,warmup_excluded,True,,,6.0,192,1572864,192,True,backend_comparison,343,1
nh3,system_size,cell_list_pair_centric,torch,8192,1,8192,0.11549375485628843,8658476.826251976,24.21875,0.05533313751220703,10,3,torch_cuda_events,warmup_excluded,True,,,6.0,192,1572864,192,False,coverage_only_pair_centric,343,4
nh3,system_size,cluster_tile,torch,8192,1,8192,0.22232539486140013,4497911.723595093,24.69970703125,0.055585384368896484,10,3,torch_cuda_events,warmup_excluded,True,,,6.0,192,1572864,192,False,torch_cluster_tile_only,,
nh3,system_size,naive_scalar,torch,8192,1,8192,0.19335508113726974,5171832.020747693,0.0,0.3776874542236328,10,3,torch_cuda_events,warmup_excluded,True,,,15.0,2832,23199744,2832,True,backend_comparison,,
nh3,system_size,naive_tile,torch,8192,1,8192,0.1936191460117698,5164778.487036668,0.0,0.3776874542236328,10,3,torch_cuda_events,warmup_excluded,True,,,15.0,2832,23199744,2832,True,backend_comparison,,
nh3,system_size,cell_list_atom_centric,torch,8192,1,8192,0.9730195626616478,1027728.5661806721,354.53125,0.3779020309448242,10,3,torch_cuda_events,warmup_excluded,True,,,15.0,2832,23199744,2832,True,backend_comparison,8,1
nh3,system_size,cell_list_pair_centric,torch,8192,1,8192,0.17017031786963344,5876465.487747955,354.71875,0.3780851364135742,10,3,torch_cuda_events,warmup_excluded,True,,,15.0,2832,23199744,2832,False,coverage_only_pair_centric,64,4
nh3,system_size,cluster_tile,torch,8192,1,8192,0.2698972588405013,3705113.5839469964,355.19970703125,0.3783392906188965,10,3,torch_cuda_events,warmup_excluded,True,,,15.0,2832,23199744,2832,False,torch_cluster_tile_only,,
nh3,system_size,naive_scalar,torch,8192,1,8192,0.4509492311626672,2217544.5280652405,0.0,1.6315937042236328,10,3,torch_cuda_events,warmup_excluded,True,,,25.0,13104,107347968,13104,True,backend_comparison,,
nh3,system_size,naive_tile,torch,8192,1,8192,0.4504179581999779,2220160.1463590334,0.0,1.6315937042236328,10,3,torch_cuda_events,warmup_excluded,True,,,25.0,13104,107347968,13104,True,backend_comparison,,
nh3,system_size,cell_list_atom_centric,torch,8192,1,8192,4.5405033975839615,220239.89686520398,1638.53125,1.6318082809448242,10,3,torch_cuda_events,warmup_excluded,True,,,25.0,13104,107347968,13104,True,backend_comparison,1,1
nh3,system_size,cell_list_pair_centric,torch,8192,1,8192,0.5361507646739483,1865147.0181304961,1638.71875,1.6319913864135742,10,3,torch_cuda_events,warmup_excluded,True,,,25.0,13104,107347968,13104,False,coverage_only_pair_centric,64,4
nh3,system_size,cluster_tile,torch,8192,1,8192,0.45963008888065815,2175662.612592031,1639.19970703125,1.6322455406188965,10,3,torch_cuda_events,warmup_excluded,True,,,25.0,13104,107347968,13104,False,torch_cluster_tile_only,,
nh3,system_size,naive_scalar,torch,16384,1,16384,0.27919881977140903,3581677.0315101584,0.0,0.07861518859863281,10,3,torch_cuda_events,warmup_excluded,True,,,6.0,192,3145728,192,True,backend_comparison,,
nh3,system_size,naive_tile,torch,16384,1,16384,0.2790775382891298,3583233.5562741724,0.0,0.07861518859863281,10,3,torch_cuda_events,warmup_excluded,True,,,6.0,192,3145728,192,True,backend_comparison,,
nh3,system_size,cell_list_atom_centric,torch,16384,1,16384,0.03162402426823974,31621528.984352194,48.0625,0.07904815673828125,10,3,torch_cuda_events,warmup_excluded,True,,,6.0,192,3145728,192,True,backend_comparison,729,1
nh3,system_size,cell_list_pair_centric,torch,16384,1,16384,0.057386915432289236,17425575.019446705,48.4375,0.07941436767578125,10,3,torch_cuda_events,warmup_excluded,True,,,6.0,192,3145728,192,False,coverage_only_pair_centric,729,4
nh3,system_size,cluster_tile,torch,16384,1,16384,0.11950625339522958,8367762.95456952,49.39306640625,0.07991361618041992,10,3,torch_cuda_events,warmup_excluded,True,,,6.0,192,3145728,192,False,torch_cluster_tile_only,,
nh3,system_size,naive_scalar,torch,16384,1,16384,0.3370296908542514,2967097.638980568,0.0,0.7250995635986328,10,3,torch_cuda_events,warmup_excluded,True,,,15.0,2832,46399488,2832,True,backend_comparison,,
nh3,system_size,naive_tile,torch,16384,1,16384,0.3370605409145355,2966826.070137822,0.0,0.7250995635986328,10,3,torch_cuda_events,warmup_excluded,True,,,15.0,2832,46399488,2832,True,backend_comparison,,
nh3,system_size,cell_list_atom_centric,torch,16384,1,16384,0.43159318156540394,2316996.7522956785,710.0625,0.7255277633666992,10,3,torch_cuda_events,warmup_excluded,True,,,15.0,2832,46399488,2832,True,backend_comparison,27,1
nh3,system_size,cell_list_pair_centric,torch,16384,1,16384,0.12135000433772802,8240625.993031774,710.4375,0.7258949279785156,10,3,torch_cuda_events,warmup_excluded,True,,,15.0,2832,46399488,2832,False,coverage_only_pair_centric,216,4
nh3,system_size,cluster_tile,torch,16384,1,16384,0.18377559026703238,5441419.061949222,712.39306640625,0.7273745536804199,10,3,torch_cuda_events,warmup_excluded,True,,,15.0,2832,46399488,2832,False,torch_cluster_tile_only,,
nh3,system_size,naive_scalar,torch,16384,1,16384,0.5567517597228289,1796132.625602901,0.0,3.232912063598633,10,3,torch_cuda_events,warmup_excluded,True,,,25.0,13104,214695936,13104,True,backend_comparison,,
nh3,system_size,naive_tile,torch,16384,1,16384,0.5567460786551237,1796150.9534393144,0.0,3.232912063598633,10,3,torch_cuda_events,warmup_excluded,True,,,25.0,13104,214695936,13104,True,backend_comparison,,
nh3,system_size,cell_list_atom_centric,torch,16384,1,16384,1.3542101718485353,738437.8147410986,3278.0625,3.233340263366699,10,3,torch_cuda_events,warmup_excluded,True,,,25.0,13104,214695936,13104,True,backend_comparison,8,1
nh3,system_size,cell_list_pair_centric,torch,16384,1,16384,0.5626968573778868,1777155.8289127538,3278.4375,3.233706474304199,10,3,torch_cuda_events,warmup_excluded,True,,,25.0,13104,214695936,13104,False,coverage_only_pair_centric,64,4
nh3,system_size,cluster_tile,torch,16384,1,16384,0.3684728406369686,2713904.2277073343,3280.39306640625,3.23518705368042,10,3,torch_cuda_events,warmup_excluded,True,,,25.0,13104,214695936,13104,False,torch_cluster_tile_only,,
nh3,system_size,naive_scalar,torch,32768,1,32768,0.6102030165493488,1638798.8470704767,0.0,0.1259784698486328,10,3,torch_cuda_events,warmup_excluded,True,,,6.0,192,6291456,192,True,backend_comparison,,
nh3,system_size,naive_tile,torch,32768,1,32768,0.6098801735788584,1639666.353034345,0.0,0.1259784698486328,10,3,torch_cuda_events,warmup_excluded,True,,,6.0,192,6291456,192,True,backend_comparison,,
nh3,system_size,cell_list_atom_centric,torch,32768,1,32768,0.017161620780825615,58269554.651696,96.125,0.12684345245361328,10,3,torch_cuda_events,warmup_excluded,True,,,6.0,192,6291456,192,True,backend_comparison,1331,1
nh3,system_size,cell_list_pair_centric,torch,32768,1,32768,0.029043946415185932,34430582.735035606,96.875,0.12757587432861328,10,3,torch_cuda_events,warmup_excluded,True,,,6.0,192,6291456,192,False,coverage_only_pair_centric,1331,4
nh3,system_size,cluster_tile,torch,32768,1,32768,0.07772812386974692,12865356.195599835,98.77978515625,0.1285700798034668,10,3,torch_cuda_events,warmup_excluded,True,,,6.0,192,6291456,192,False,torch_cluster_tile_only,,
nh3,system_size,naive_scalar,torch,32768,1,32768,0.6538355257362127,1529436.6253256265,0.0,1.4150409698486328,10,3,torch_cuda_events,warmup_excluded,True,,,15.0,2832,92798976,2832,True,backend_comparison,,
nh3,system_size,naive_tile,torch,32768,1,32768,0.6533327978104353,1530613.499508026,0.0,1.4150409698486328,10,3,torch_cuda_events,warmup_excluded,True,,,15.0,2832,92798976,2832,True,backend_comparison,,
nh3,system_size,cell_list_atom_centric,torch,32768,1,32768,0.2118075266480446,4721267.538625649,1416.125,1.4158964157104492,10,3,torch_cuda_events,warmup_excluded,True,,,15.0,2832,92798976,2832,True,backend_comparison,64,1
nh3,system_size,cell_list_pair_centric,torch,32768,1,32768,0.17763173673301935,5629624.628976076,1416.875,1.4166288375854492,10,3,torch_cuda_events,warmup_excluded,True,,,15.0,2832,92798976,2832,False,coverage_only_pair_centric,64,4
nh3,system_size,cluster_tile,torch,32768,1,32768,0.14837421476840973,6739715.533193234,1421.52197265625,1.4203104972839355,10,3,torch_cuda_events,warmup_excluded,True,,,15.0,2832,92798976,2832,False,torch_cluster_tile_only,,
nh3,system_size,naive_scalar,torch,32768,1,32768,0.870115589350462,1149272.5934797884,0.0,6.430665969848633,10,3,torch_cuda_events,warmup_excluded,True,,,25.0,13104,429391872,13104,True,backend_comparison,,
nh3,system_size,naive_tile,torch,32768,1,32768,0.8696677163243295,1149864.4611375513,0.0,6.430665969848633,10,3,torch_cuda_events,warmup_excluded,True,,,25.0,13104,429391872,13104,True,backend_comparison,,
nh3,system_size,cell_list_atom_centric,torch,32768,1,32768,1.1942057870328426,837376.615369306,6552.125,6.431521415710449,10,3,torch_cuda_events,warmup_excluded,True,,,25.0,13104,429391872,13104,True,backend_comparison,8,1
nh3,system_size,cell_list_pair_centric,torch,32768,1,32768,0.5555115174502134,1800142.6947725217,6552.875,6.432253837585449,10,3,torch_cuda_events,warmup_excluded,True,,,25.0,13104,429391872,13104,False,coverage_only_pair_centric,64,4
nh3,system_size,cluster_tile,torch,32768,1,32768,0.35930664744228125,2783138.044114921,6560.77978515625,6.439116954803467,10,3,torch_cuda_events,warmup_excluded,True,,,25.0,13104,429391872,13104,False,torch_cluster_tile_only,,
nh3,system_size,naive_scalar,torch,65536,1,65536,1.2044718489050865,830239.4123275196,0.0,0.2207050323486328,10,3,torch_cuda_events,warmup_excluded,True,,,6.0,192,12582912,192,True,backend_comparison,,
nh3,system_size,naive_tile,torch,65536,1,65536,1.2047038413584232,830079.5313082099,0.0,0.2207050323486328,10,3,torch_cuda_events,warmup_excluded,True,,,6.0,192,12582912,192,True,backend_comparison,,
nh3,system_size,cell_list_atom_centric,torch,65536,1,65536,0.011010644811904058,90821202.30768493,192.25,0.22243499755859375,10,3,torch_cuda_events,warmup_excluded,True,,,6.0,192,12582912,192,True,backend_comparison,2744,1
nh3,system_size,cell_list_pair_centric,torch,65536,1,65536,0.015182422066573055,65865643.54587976,193.75,0.22389984130859375,10,3,torch_cuda_events,warmup_excluded,True,,,6.0,192,12582912,192,False,coverage_only_pair_centric,2744,4
nh3,system_size,cluster_tile,torch,65536,1,65536,0.05136870313435792,19467106.214156117,197.55322265625,0.22588300704956055,10,3,torch_cuda_events,warmup_excluded,True,,,6.0,192,12582912,192,False,torch_cluster_tile_only,,
nh3,system_size,naive_scalar,torch,65536,1,65536,1.2494595721364021,800346.0234332664,0.0,2.798830032348633,10,3,torch_cuda_events,warmup_excluded,True,,,15.0,2832,185597952,2832,True,backend_comparison,,
nh3,system_size,naive_tile,torch,65536,1,65536,1.2497161515057087,800181.7042975394,0.0,2.798830032348633,10,3,torch_cuda_events,warmup_excluded,True,,,15.0,2832,185597952,2832,True,backend_comparison,,
nh3,system_size,cell_list_atom_centric,torch,65536,1,65536,0.14031948521733284,7126593.989788069,2832.25,2.800539970397949,10,3,torch_cuda_events,warmup_excluded,True,,,15.0,2832,185597952,2832,True,backend_comparison,125,1
nh3,system_size,cell_list_pair_centric,torch,65536,1,65536,0.13041225029155612,7667991.2950229,2833.75,2.802004814147949,10,3,torch_cuda_events,warmup_excluded,True,,,15.0,2832,185597952,2832,False,coverage_only_pair_centric,125,4
nh3,system_size,cluster_tile,torch,65536,1,65536,0.1284693367779255,7783958.608960664,2843.03759765625,2.809363842010498,10,3,torch_cuda_events,warmup_excluded,True,,,15.0,2832,185597952,2832,False,torch_cluster_tile_only,,
nh3,system_size,naive_scalar,torch,65536,1,65536,1.4842454344034195,673743.019059339,0.0,12.830080032348633,10,3,torch_cuda_events,warmup_excluded,True,,,25.0,13104,858783744,13104,True,backend_comparison,,
nh3,system_size,naive_tile,torch,65536,1,65536,1.4841574244201183,673782.9717698002,0.0,12.830080032348633,10,3,torch_cuda_events,warmup_excluded,True,,,25.0,13104,858783744,13104,True,backend_comparison,,
nh3,system_size,cell_list_atom_centric,torch,65536,1,65536,0.6226247642189264,1606103.8003435107,13104.25,12.83178997039795,10,3,torch_cuda_events,warmup_excluded,True,,,25.0,13104,858783744,13104,True,backend_comparison,27,1
nh3,system_size,cell_list_pair_centric,torch,65536,1,65536,0.4701624624431133,2126924.3716388643,13105.75,12.833255767822266,10,3,torch_cuda_events,warmup_excluded,True,,,25.0,13104,858783744,13104,False,coverage_only_pair_centric,216,4
nh3,system_size,cluster_tile,torch,65536,1,65536,0.35548862069845205,2813029.564871117,13128.69384765625,12.853950023651123,10,3,torch_cuda_events,warmup_excluded,True,,,25.0,13104,858783744,13104,False,torch_cluster_tile_only,,
nh3,system_size,naive_scalar,torch,131072,1,131072,2.3968135938048363,417220.59762375755,0.0,0.4101581573486328,10,3,torch_cuda_events,warmup_excluded,True,,,6.0,192,25165824,192,True,backend_comparison,,
nh3,system_size,naive_tile,torch,131072,1,131072,2.3969968780875206,417188.6952134309,0.0,0.4101581573486328,10,3,torch_cuda_events,warmup_excluded,True,,,6.0,192,25165824,192,True,backend_comparison,,
nh3,system_size,cell_list_atom_centric,torch,131072,1,131072,0.01056872570188716,94618786.42771845,384.5,0.4136199951171875,10,3,torch_cuda_events,warmup_excluded,True,,,6.0,192,25165824,192,True,backend_comparison,5832,1
nh3,system_size,cell_list_pair_centric,torch,131072,1,131072,0.01163200649898499,85969690.61934929,387.5,0.4165496826171875,10,3,torch_cuda_events,warmup_excluded,True,,,6.0,192,25165824,192,False,coverage_only_pair_centric,5832,4
nh3,system_size,cluster_tile,torch,131072,1,131072,0.039114136598072946,25566204.113764524,395.10009765625,0.42050886154174805,10,3,torch_cuda_events,warmup_excluded,True,,,6.0,192,25165824,192,False,torch_cluster_tile_only,,
nh3,system_size,naive_scalar,torch,131072,1,131072,2.4503545835614204,408104.20120771637,0.0,5.566408157348633,10,3,torch_cuda_events,warmup_excluded,True,,,15.0,2832,371195904,2832,True,backend_comparison,,
nh3,system_size,naive_tile,torch,131072,1,131072,2.4511352181434636,407974.2286749154,0.0,5.566408157348633,10,3,torch_cuda_events,warmup_excluded,True,,,15.0,2832,371195904,2832,True,backend_comparison,,
nh3,system_size,cell_list_atom_centric,torch,131072,1,131072,0.14624064788222313,6838044.103889388,5664.5,5.569828987121582,10,3,torch_cuda_events,warmup_excluded,True,,,15.0,2832,371195904,2832,True,backend_comparison,343,1
nh3,system_size,cell_list_pair_centric,torch,131072,1,131072,0.18139919266104698,5512703.696915275,5667.5,5.572758674621582,10,3,torch_cuda_events,warmup_excluded,True,,,15.0,2832,371195904,2832,False,coverage_only_pair_centric,343,4
nh3,system_size,cluster_tile,torch,131072,1,131072,0.11842582607641816,8444104.070295589,5686.06884765625,5.587470531463623,10,3,torch_cuda_events,warmup_excluded,True,,,15.0,2832,371195904,2832,False,torch_cluster_tile_only,,
nh3,system_size,naive_scalar,torch,131072,1,131072,2.68156211823225,372916.96254242427,0.0,25.628908157348633,10,3,torch_cuda_events,warmup_excluded,True,,,25.0,13104,1717567488,13104,True,backend_comparison,,
nh3,system_size,naive_tile,torch,131072,1,131072,2.681027352809906,372991.3456317144,0.0,25.628908157348633,10,3,torch_cuda_events,warmup_excluded,True,,,25.0,13104,1717567488,13104,True,backend_comparison,,
nh3,system_size,cell_list_atom_centric,torch,131072,1,131072,0.6147927138954401,1626564.494663275,26208.5,25.63232707977295,10,3,torch_cuda_events,warmup_excluded,True,,,25.0,13104,1717567488,13104,True,backend_comparison,64,1
nh3,system_size,cell_list_pair_centric,torch,131072,1,131072,0.785027164965868,1273841.2689750409,26211.5,25.63525676727295,10,3,torch_cuda_events,warmup_excluded,True,,,25.0,13104,1717567488,13104,False,coverage_only_pair_centric,64,4
nh3,system_size,cluster_tile,torch,131072,1,131072,0.35686290357261896,2802196.5578064276,26257.38134765625,25.676642894744873,10,3,torch_cuda_events,warmup_excluded,True,,,25.0,13104,1717567488,13104,False,torch_cluster_tile_only,,
nh3,system_size,naive_scalar,jax,128,1,128,2.3216101681100554,430735.53593800217,nan,nan,10,3,jax_wall_block_each,warmup_excluded,True,,,6.0,192,24576,192,True,backend_comparison,,
nh3,system_size,naive_tile,jax,128,1,128,1.9360765691089912,516508.4976263174,nan,nan,10,3,jax_wall_block_each,warmup_excluded,True,,,6.0,192,24576,192,True,backend_comparison,,
nh3,system_size,cell_list_atom_centric,jax,128,1,128,5.71817031413957,174881.11494812532,nan,nan,10,3,jax_wall_block_each,warmup_excluded,True,,,6.0,192,24576,192,True,backend_comparison,1,1
nh3,system_size,naive_scalar,jax,128,1,128,2.8319429702605703,353114.45551743894,nan,nan,10,3,jax_wall_block_each,warmup_excluded,True,,,15.0,2832,362496,2832,True,backend_comparison,,
nh3,system_size,naive_tile,jax,128,1,128,1.8562046761871898,538733.6929104658,nan,nan,10,3,jax_wall_block_each,warmup_excluded,True,,,15.0,2832,362496,2832,True,backend_comparison,,
nh3,system_size,cell_list_atom_centric,jax,128,1,128,21.43041562021608,46662.650772701956,nan,nan,10,3,jax_wall_block_each,warmup_excluded,True,,,15.0,2832,362496,2832,True,backend_comparison,1,1
nh3,system_size,naive_scalar,jax,128,1,128,4.1939156176340475,238440.6581275327,nan,nan,10,3,jax_wall_block_each,warmup_excluded,True,,,25.0,13104,1677312,13104,True,backend_comparison,,
nh3,system_size,naive_tile,jax,128,1,128,3.4628656408131064,288778.169217444,nan,nan,10,3,jax_wall_block_each,warmup_excluded,True,,,25.0,13104,1677312,13104,True,backend_comparison,,
nh3,system_size,cell_list_atom_centric,jax,128,1,128,63.34625703630081,15786.252365738772,nan,nan,10,3,jax_wall_block_each,warmup_excluded,True,,,25.0,13104,1677312,13104,True,backend_comparison,1,1
nh3,system_size,naive_scalar,jax,256,1,256,1.4767160109840916,677178.274334274,nan,nan,10,3,jax_wall_block_each,warmup_excluded,True,,,6.0,192,49152,192,True,backend_comparison,,
nh3,system_size,naive_tile,jax,256,1,256,0.9949281320587033,1005097.7229187418,nan,nan,10,3,jax_wall_block_each,warmup_excluded,True,,,6.0,192,49152,192,True,backend_comparison,,
nh3,system_size,cell_list_atom_centric,jax,256,1,256,2.2310808503789303,448213.2504656469,nan,nan,10,3,jax_wall_block_each,warmup_excluded,True,,,6.0,192,49152,192,True,backend_comparison,8,1
nh3,system_size,naive_scalar,jax,256,1,256,1.9684953258547466,508002.22223834175,nan,nan,10,3,jax_wall_block_each,warmup_excluded,True,,,15.0,2832,724992,2832,True,backend_comparison,,
nh3,system_size,naive_tile,jax,256,1,256,1.3008609414555394,768721.6735718849,nan,nan,10,3,jax_wall_block_each,warmup_excluded,True,,,15.0,2832,724992,2832,True,backend_comparison,,
nh3,system_size,cell_list_atom_centric,jax,256,1,256,18.288839834212922,54678.153948797815,nan,nan,10,3,jax_wall_block_each,warmup_excluded,True,,,15.0,2832,724992,2832,True,backend_comparison,1,1
nh3,system_size,naive_scalar,jax,256,1,256,3.069854676596151,325748.3188451116,nan,nan,10,3,jax_wall_block_each,warmup_excluded,True,,,25.0,13104,3354624,13104,True,backend_comparison,,
nh3,system_size,naive_tile,jax,256,1,256,2.480361325751801,403167.066676021,nan,nan,10,3,jax_wall_block_each,warmup_excluded,True,,,25.0,13104,3354624,13104,True,backend_comparison,,
nh3,system_size,cell_list_atom_centric,jax,256,1,256,33.54648204094701,29809.385043099144,nan,nan,10,3,jax_wall_block_each,warmup_excluded,True,,,25.0,13104,3354624,13104,True,backend_comparison,1,1
nh3,system_size,naive_scalar,jax,512,1,512,0.8516017544479837,1174257.7968832504,nan,nan,10,3,jax_wall_block_each,warmup_excluded,True,,,6.0,192,98304,192,True,backend_comparison,,
nh3,system_size,naive_tile,jax,512,1,512,0.48292656060766603,2070708.2226782078,nan,nan,10,3,jax_wall_block_each,warmup_excluded,True,,,6.0,192,98304,192,True,backend_comparison,,
nh3,system_size,cell_list_atom_centric,jax,512,1,512,1.3250519515395354,754687.3908137203,nan,nan,10,3,jax_wall_block_each,warmup_excluded,True,,,6.0,192,98304,192,True,backend_comparison,8,1
nh3,system_size,naive_scalar,jax,512,1,512,1.454741598649889,687407.3037631399,nan,nan,10,3,jax_wall_block_each,warmup_excluded,True,,,15.0,2832,1449984,2832,True,backend_comparison,,
nh3,system_size,naive_tile,jax,512,1,512,0.697083402201315,1434548.5731579703,nan,nan,10,3,jax_wall_block_each,warmup_excluded,True,,,15.0,2832,1449984,2832,True,backend_comparison,,
nh3,system_size,cell_list_atom_centric,jax,512,1,512,6.252968361764033,159924.04601226683,nan,nan,10,3,jax_wall_block_each,warmup_excluded,True,,,15.0,2832,1449984,2832,True,backend_comparison,1,1
nh3,system_size,naive_scalar,jax,512,1,512,2.138315818456249,467657.76662586123,nan,nan,10,3,jax_wall_block_each,warmup_excluded,True,,,25.0,13104,6709248,13104,True,backend_comparison,,
nh3,system_size,naive_tile,jax,512,1,512,1.296778907544649,771141.4753756467,nan,nan,10,3,jax_wall_block_each,warmup_excluded,True,,,25.0,13104,6709248,13104,True,backend_comparison,,
nh3,system_size,cell_list_atom_centric,jax,512,1,512,23.397716014983416,42739.21434723033,nan,nan,10,3,jax_wall_block_each,warmup_excluded,True,,,25.0,13104,6709248,13104,True,backend_comparison,1,1
nh3,system_size,naive_scalar,jax,1024,1,1024,0.5782272495480356,1729423.8567650313,nan,nan,10,3,jax_wall_block_each,warmup_excluded,True,,,6.0,192,196608,192,True,backend_comparison,,
nh3,system_size,naive_tile,jax,1024,1,1024,0.2351670900679892,4252295.6750066085,nan,nan,10,3,jax_wall_block_each,warmup_excluded,True,,,6.0,192,196608,192,True,backend_comparison,,
nh3,system_size,cell_list_atom_centric,jax,1024,1,1024,0.615849610596797,1623773.0491230432,nan,nan,10,3,jax_wall_block_each,warmup_excluded,True,,,6.0,192,196608,192,True,backend_comparison,27,1
nh3,system_size,naive_scalar,jax,1024,1,1024,1.1362968763251047,880051.7020112717,nan,nan,10,3,jax_wall_block_each,warmup_excluded,True,,,15.0,2832,2899968,2832,True,backend_comparison,,
nh3,system_size,naive_tile,jax,1024,1,1024,0.37827997942940783,2643544.6081719305,nan,nan,10,3,jax_wall_block_each,warmup_excluded,True,,,15.0,2832,2899968,2832,True,backend_comparison,,
nh3,system_size,cell_list_atom_centric,jax,1024,1,1024,4.695170602531107,212984.8060176797,nan,nan,10,3,jax_wall_block_each,warmup_excluded,True,,,15.0,2832,2899968,2832,True,backend_comparison,1,1
nh3,system_size,naive_scalar,jax,1024,1,1024,1.8404701165763981,543339.4386539554,nan,nan,10,3,jax_wall_block_each,warmup_excluded,True,,,25.0,13104,13418496,13104,True,backend_comparison,,
nh3,system_size,naive_tile,jax,1024,1,1024,0.8354612290872865,1196943.6344669957,nan,nan,10,3,jax_wall_block_each,warmup_excluded,True,,,25.0,13104,13418496,13104,True,backend_comparison,,
nh3,system_size,cell_list_atom_centric,jax,1024,1,1024,18.071959767951284,55334.34186664108,nan,nan,10,3,jax_wall_block_each,warmup_excluded,True,,,25.0,13104,13418496,13104,True,backend_comparison,1,1
nh3,system_size,naive_scalar,jax,2048,1,2048,0.3625965824483046,2757885.894146755,nan,nan,10,3,jax_wall_block_each,warmup_excluded,True,,,6.0,192,393216,192,True,backend_comparison,,
nh3,system_size,naive_tile,jax,2048,1,2048,0.16221044987219102,6164830.938992652,nan,nan,10,3,jax_wall_block_each,warmup_excluded,True,,,6.0,192,393216,192,True,backend_comparison,,
nh3,system_size,cell_list_atom_centric,jax,2048,1,2048,0.31117998133822766,3213574.3298765747,nan,nan,10,3,jax_wall_block_each,warmup_excluded,True,,,6.0,192,393216,192,True,backend_comparison,64,1
nh3,system_size,naive_scalar,jax,2048,1,2048,0.8187139641790964,1221427.8047677793,nan,nan,10,3,jax_wall_block_each,warmup_excluded,True,,,15.0,2832,5799936,2832,True,backend_comparison,,
nh3,system_size,naive_tile,jax,2048,1,2048,0.2524875483800315,3960591.349617172,nan,nan,10,3,jax_wall_block_each,warmup_excluded,True,,,15.0,2832,5799936,2832,True,backend_comparison,,
nh3,system_size,cell_list_atom_centric,jax,2048,1,2048,4.020742041177527,248710.31012652,nan,nan,10,3,jax_wall_block_each,warmup_excluded,True,,,15.0,2832,5799936,2832,True,backend_comparison,1,1
nh3,system_size,naive_scalar,jax,2048,1,2048,1.6112135249102266,620650.2021857828,nan,nan,10,3,jax_wall_block_each,warmup_excluded,True,,,25.0,13104,26836992,13104,True,backend_comparison,,
nh3,system_size,naive_tile,jax,2048,1,2048,0.5547272472483655,1802687.7261939768,nan,nan,10,3,jax_wall_block_each,warmup_excluded,True,,,25.0,13104,26836992,13104,True,backend_comparison,,
nh3,system_size,cell_list_atom_centric,jax,2048,1,2048,7.296084328345387,137059.81934926196,nan,nan,10,3,jax_wall_block_each,warmup_excluded,True,,,25.0,13104,26836992,13104,True,backend_comparison,1,1
nh3,system_size,naive_scalar,jax,4096,1,4096,0.2386405025589511,4190403.5118806837,nan,nan,10,3,jax_wall_block_each,warmup_excluded,True,,,6.0,192,786432,192,True,backend_comparison,,
nh3,system_size,naive_tile,jax,4096,1,4096,0.13242453533734988,7551470.710865719,nan,nan,10,3,jax_wall_block_each,warmup_excluded,True,,,6.0,192,786432,192,True,backend_comparison,,
nh3,system_size,cell_list_atom_centric,jax,4096,1,4096,0.1692966062449841,5906792.948660351,nan,nan,10,3,jax_wall_block_each,warmup_excluded,True,,,6.0,192,786432,192,True,backend_comparison,125,1
nh3,system_size,naive_scalar,jax,4096,1,4096,0.6750411621680996,1481391.1447832254,nan,nan,10,3,jax_wall_block_each,warmup_excluded,True,,,15.0,2832,11599872,2832,True,backend_comparison,,
nh3,system_size,naive_tile,jax,4096,1,4096,0.17801623499735797,5617465.171167346,nan,nan,10,3,jax_wall_block_each,warmup_excluded,True,,,15.0,2832,11599872,2832,True,backend_comparison,,
nh3,system_size,cell_list_atom_centric,jax,4096,1,4096,1.2319746332423165,811705.0246141801,nan,nan,10,3,jax_wall_block_each,warmup_excluded,True,,,15.0,2832,11599872,2832,True,backend_comparison,8,1
nh3,system_size,naive_scalar,jax,4096,1,4096,1.3284385254053177,752763.4744670565,nan,nan,10,3,jax_wall_block_each,warmup_excluded,True,,,25.0,13104,53673984,13104,True,backend_comparison,,
nh3,system_size,naive_tile,jax,4096,1,4096,0.44643776924147005,2239953.8500048327,nan,nan,10,3,jax_wall_block_each,warmup_excluded,True,,,25.0,13104,53673984,13104,True,backend_comparison,,
nh3,system_size,cell_list_atom_centric,jax,4096,1,4096,5.595599706964549,178711.8543800323,nan,nan,10,3,jax_wall_block_each,warmup_excluded,True,,,25.0,13104,53673984,13104,True,backend_comparison,1,1
nh3,system_size,naive_scalar,jax,8192,1,8192,0.17146689472724574,5832029.568102407,nan,nan,10,3,jax_wall_block_each,warmup_excluded,True,,,6.0,192,1572864,192,True,backend_comparison,,
nh3,system_size,naive_tile,jax,8192,1,8192,0.15806419693120688,6326543.388160335,nan,nan,10,3,jax_wall_block_each,warmup_excluded,True,,,6.0,192,1572864,192,True,backend_comparison,,
nh3,system_size,cell_list_atom_centric,jax,8192,1,8192,0.08103735336106865,12339988.394542169,nan,nan,10,3,jax_wall_block_each,warmup_excluded,True,,,6.0,192,1572864,192,True,backend_comparison,343,1
nh3,system_size,naive_scalar,jax,8192,1,8192,0.5741178101814626,1741802.7837943714,nan,nan,10,3,jax_wall_block_each,warmup_excluded,True,,,15.0,2832,23199744,2832,True,backend_comparison,,
nh3,system_size,naive_tile,jax,8192,1,8192,0.20025517564192796,4993628.737906274,nan,nan,10,3,jax_wall_block_each,warmup_excluded,True,,,15.0,2832,23199744,2832,True,backend_comparison,,
nh3,system_size,cell_list_atom_centric,jax,8192,1,8192,1.0093180911496802,990767.9340820432,nan,nan,10,3,jax_wall_block_each,warmup_excluded,True,,,15.0,2832,23199744,2832,True,backend_comparison,8,1
nh3,system_size,naive_scalar,jax,8192,1,8192,0.9997303953568348,1000269.6773494307,nan,nan,10,3,jax_wall_block_each,warmup_excluded,True,,,25.0,13104,107347968,13104,True,backend_comparison,,
nh3,system_size,naive_tile,jax,8192,1,8192,0.4544972043163398,2200233.555900992,nan,nan,10,3,jax_wall_block_each,warmup_excluded,True,,,25.0,13104,107347968,13104,True,backend_comparison,,
nh3,system_size,cell_list_atom_centric,jax,8192,1,8192,4.619170959330177,216489.06455391497,nan,nan,10,3,jax_wall_block_each,warmup_excluded,True,,,25.0,13104,107347968,13104,True,backend_comparison,1,1
nh3,system_size,naive_scalar,jax,16384,1,16384,0.26689164425164336,3746838.9196071383,nan,nan,10,3,jax_wall_block_each,warmup_excluded,True,,,6.0,192,3145728,192,True,backend_comparison,,
nh3,system_size,naive_tile,jax,16384,1,16384,0.29168837274440307,3428316.290400328,nan,nan,10,3,jax_wall_block_each,warmup_excluded,True,,,6.0,192,3145728,192,True,backend_comparison,,
nh3,system_size,cell_list_atom_centric,jax,16384,1,16384,0.041716491683274626,23971335.06797096,nan,nan,10,3,jax_wall_block_each,warmup_excluded,True,,,6.0,192,3145728,192,True,backend_comparison,729,1
nh3,system_size,naive_scalar,jax,16384,1,16384,0.4315873840532447,2317027.876506767,nan,nan,10,3,jax_wall_block_each,warmup_excluded,True,,,15.0,2832,46399488,2832,True,backend_comparison,,
nh3,system_size,naive_tile,jax,16384,1,16384,0.3428326476040411,2916875.0613126047,nan,nan,10,3,jax_wall_block_each,warmup_excluded,True,,,15.0,2832,46399488,2832,True,backend_comparison,,
nh3,system_size,cell_list_atom_centric,jax,16384,1,16384,0.4546065246024966,2199704.46063085,nan,nan,10,3,jax_wall_block_each,warmup_excluded,True,,,15.0,2832,46399488,2832,True,backend_comparison,27,1
nh3,system_size,naive_scalar,jax,16384,1,16384,0.8299170530357003,1204939.6940840825,nan,nan,10,3,jax_wall_block_each,warmup_excluded,True,,,25.0,13104,214695936,13104,True,backend_comparison,,
nh3,system_size,naive_tile,jax,16384,1,16384,0.5674569152347431,1762248.327851154,nan,nan,10,3,jax_wall_block_each,warmup_excluded,True,,,25.0,13104,214695936,13104,True,backend_comparison,,
nh3,system_size,cell_list_atom_centric,jax,16384,1,16384,1.4355725097559002,696586.2004212079,nan,nan,10,3,jax_wall_block_each,warmup_excluded,True,,,25.0,13104,214695936,13104,True,backend_comparison,8,1
nh3,system_size,naive_scalar,jax,32768,1,32768,0.4338376372814423,2305009.787224322,nan,nan,10,3,jax_wall_block_each,warmup_excluded,True,,,6.0,192,6291456,192,True,backend_comparison,,
nh3,system_size,naive_tile,jax,32768,1,32768,0.6152996735231397,1625224.3305674251,nan,nan,10,3,jax_wall_block_each,warmup_excluded,True,,,6.0,192,6291456,192,True,backend_comparison,,
nh3,system_size,cell_list_atom_centric,jax,32768,1,32768,0.021727240051561125,46025173.81990949,nan,nan,10,3,jax_wall_block_each,warmup_excluded,True,,,6.0,192,6291456,192,True,backend_comparison,1331,1
nh3,system_size,naive_scalar,jax,32768,1,32768,0.4897570373696425,2041828.7511921003,nan,nan,10,3,jax_wall_block_each,warmup_excluded,True,,,15.0,2832,92798976,2832,True,backend_comparison,,
nh3,system_size,naive_tile,jax,32768,1,32768,0.6586983611445163,1518145.5716125628,nan,nan,10,3,jax_wall_block_each,warmup_excluded,True,,,15.0,2832,92798976,2832,True,backend_comparison,,
nh3,system_size,cell_list_atom_centric,jax,32768,1,32768,0.2258399078414186,4427915.3740276275,nan,nan,10,3,jax_wall_block_each,warmup_excluded,True,,,15.0,2832,92798976,2832,True,backend_comparison,64,1
nh3,system_size,naive_scalar,jax,32768,1,32768,0.7219985077355773,1385044.413923134,nan,nan,10,3,jax_wall_block_each,warmup_excluded,True,,,25.0,13104,429391872,13104,True,backend_comparison,,
nh3,system_size,naive_tile,jax,32768,1,32768,0.8765343658900804,1140856.5812300423,nan,nan,10,3,jax_wall_block_each,warmup_excluded,True,,,25.0,13104,429391872,13104,True,backend_comparison,,
nh3,system_size,cell_list_atom_centric,jax,32768,1,32768,1.268789099162504,788153.0513306546,nan,nan,10,3,jax_wall_block_each,warmup_excluded,True,,,25.0,13104,429391872,13104,True,backend_comparison,8,1
nh3,system_size,naive_scalar,jax,65536,1,65536,0.8337664612056983,1199376.6198677667,nan,nan,10,3,jax_wall_block_each,warmup_excluded,True,,,6.0,192,12582912,192,True,backend_comparison,,
nh3,system_size,naive_tile,jax,65536,1,65536,1.2078591766329083,827911.083796749,nan,nan,10,3,jax_wall_block_each,warmup_excluded,True,,,6.0,192,12582912,192,True,backend_comparison,,
nh3,system_size,cell_list_atom_centric,jax,65536,1,65536,0.013659274333832627,73210331.3514322,nan,nan,10,3,jax_wall_block_each,warmup_excluded,True,,,6.0,192,12582912,192,True,backend_comparison,2744,1
nh3,system_size,naive_scalar,jax,65536,1,65536,0.8614596756162385,1160820.4403585785,nan,nan,10,3,jax_wall_block_each,warmup_excluded,True,,,15.0,2832,185597952,2832,True,backend_comparison,,
nh3,system_size,naive_tile,jax,65536,1,65536,1.2530796218657159,798033.88591628,nan,nan,10,3,jax_wall_block_each,warmup_excluded,True,,,15.0,2832,185597952,2832,True,backend_comparison,,
nh3,system_size,cell_list_atom_centric,jax,65536,1,65536,0.1562967391510739,6398086.1368669765,nan,nan,10,3,jax_wall_block_each,warmup_excluded,True,,,15.0,2832,185597952,2832,True,backend_comparison,125,1
nh3,system_size,naive_scalar,jax,65536,1,65536,1.0296270721799061,971225.4339649595,nan,nan,10,3,jax_wall_block_each,warmup_excluded,True,,,25.0,13104,858783744,13104,True,backend_comparison,,
nh3,system_size,naive_tile,jax,65536,1,65536,1.4866445815941987,672655.7325004025,nan,nan,10,3,jax_wall_block_each,warmup_excluded,True,,,25.0,13104,858783744,13104,True,backend_comparison,,
nh3,system_size,cell_list_atom_centric,jax,65536,1,65536,0.6891433929512303,1451076.8154034507,nan,nan,10,3,jax_wall_block_each,warmup_excluded,True,,,25.0,13104,858783744,13104,True,backend_comparison,27,1
nh3,system_size,naive_scalar,jax,131072,1,131072,1.6182949745147113,617934.3171351543,nan,nan,10,3,jax_wall_block_each,warmup_excluded,True,,,6.0,192,25165824,192,True,backend_comparison,,
nh3,system_size,naive_tile,jax,131072,1,131072,2.3989700629889477,416845.55194243253,nan,nan,10,3,jax_wall_block_each,warmup_excluded,True,,,6.0,192,25165824,192,True,backend_comparison,,
nh3,system_size,cell_list_atom_centric,jax,131072,1,131072,0.012388123304951648,80722477.11647257,nan,nan,10,3,jax_wall_block_each,warmup_excluded,True,,,6.0,192,25165824,192,True,backend_comparison,5832,1
nh3,system_size,naive_scalar,jax,131072,1,131072,1.6487424697952946,606522.861101624,nan,nan,10,3,jax_wall_block_each,warmup_excluded,True,,,15.0,2832,371195904,2832,True,backend_comparison,,
nh3,system_size,naive_tile,jax,131072,1,131072,2.452770954919359,407702.15335205547,nan,nan,10,3,jax_wall_block_each,warmup_excluded,True,,,15.0,2832,371195904,2832,True,backend_comparison,,
nh3,system_size,cell_list_atom_centric,jax,131072,1,131072,0.14468757628671725,6911443.440163584,nan,nan,10,3,jax_wall_block_each,warmup_excluded,True,,,15.0,2832,371195904,2832,True,backend_comparison,343,1
nh3,system_size,naive_scalar,jax,131072,1,131072,1.85989016494581,537666.1583826033,nan,nan,10,3,jax_wall_block_each,warmup_excluded,True,,,25.0,13104,1717567488,13104,True,backend_comparison,,
nh3,system_size,naive_tile,jax,131072,1,131072,2.6826830795245726,372761.1388883181,nan,nan,10,3,jax_wall_block_each,warmup_excluded,True,,,25.0,13104,1717567488,13104,True,backend_comparison,,
nh3,system_size,cell_list_atom_centric,jax,131072,1,131072,0.6773334236154227,1476377.7559687966,nan,nan,10,3,jax_wall_block_each,warmup_excluded,True,,,25.0,13104,1717567488,13104,True,backend_comparison,64,1
